<?xml version="1.0" encoding="UTF-8"?>
<mule xmlns:metadata="http://www.mulesoft.org/schema/mule/metadata" xmlns:dw="http://www.mulesoft.org/schema/mule/ee/dw" xmlns:sfdc="http://www.mulesoft.org/schema/mule/sfdc" xmlns:doc="http://www.mulesoft.org/schema/mule/documentation" xmlns:tracking="http://www.mulesoft.org/schema/mule/ee/tracking" xmlns="http://www.mulesoft.org/schema/mule/core" xmlns:apikit="http://www.mulesoft.org/schema/mule/apikit" xmlns:http="http://www.mulesoft.org/schema/mule/http" xmlns:spring="http://www.springframework.org/schema/beans" xmlns:xsi="http://www.w3.org/2001/XMLSchema-instance" xsi:schemaLocation="http://www.mulesoft.org/schema/mule/core http://www.mulesoft.org/schema/mule/core/current/mule.xsd
http://www.mulesoft.org/schema/mule/http http://www.mulesoft.org/schema/mule/http/current/mule-http.xsd
http://www.mulesoft.org/schema/mule/apikit http://www.mulesoft.org/schema/mule/apikit/current/mule-apikit.xsd
http://www.springframework.org/schema/beans http://www.springframework.org/schema/beans/spring-beans-3.1.xsd
http://www.mulesoft.org/schema/mule/sfdc http://www.mulesoft.org/schema/mule/sfdc/current/mule-sfdc.xsd
http://www.mulesoft.org/schema/mule/ee/dw http://www.mulesoft.org/schema/mule/ee/dw/current/dw.xsd
http://www.mulesoft.org/schema/mule/ee/tracking http://www.mulesoft.org/schema/mule/ee/tracking/current/mule-tracking-ee.xsd">
    <http:listener-config name="api-customer-httpListenerConfig" host="0.0.0.0" port="8081" doc:name="HTTP Listener Configuration"/>
    <apikit:config name="api-customer-config" raml="api-customer.raml" consoleEnabled="true" consolePath="console" doc:name="Router"/>
    <sfdc:config name="Salesforce__Basic_Authentication" username="${sfdc.username}" password="${sfdc.password}" securityToken="${sfdc.securityToken}" doc:name="Salesforce: Basic Authentication"/>
    <flow name="api-customer-main">
        <http:listener config-ref="api-customer-httpListenerConfig" path="/api/*" doc:name="HTTP"/>
        <apikit:router config-ref="api-customer-config" doc:name="APIkit Router"/>
        <exception-strategy ref="api-customer-apiKitGlobalExceptionMapping" doc:name="Reference Exception Strategy"/>
    </flow>
    <flow name="put:/customer/{id}:application/json:api-customer-config">
        <set-payload value="#[NullPayload.getInstance()]" doc:name="Set Payload"/>
    </flow>
    <flow name="delete:/customer/{id}:api-customer-config">
        <set-payload value="#[NullPayload.getInstance()]" doc:name="Set Payload"/>
    </flow>
    <flow name="get:/customer/{id}:api-customer-config">
        <set-payload value="{&#xA;  &quot;id&quot;: &quot;1&quot;,&#xA;  &quot;name&quot;: &quot;Eduard Walker&quot;,&#xA;  &quot;phone&quot;: &quot;1-(318)596-8473&quot;,&#xA;  &quot;email&quot;: &quot;ewalker0@liveinternet.ru&quot;,&#xA;  &quot;billingAddress&quot;: {&#xA;    &quot;address1&quot;: &quot;Pleasure 4598&quot;,&#xA;    &quot;city&quot;: &quot;Shreveport&quot;,&#xA;    &quot;state&quot;: &quot;Louisiana&quot;,&#xA;    &quot;postalCode&quot;: &quot;71105&quot;,&#xA;    &quot;country&quot;: &quot;United States&quot;&#xA;  },&#xA;  &quot;shippingAddress&quot;: {&#xA;    &quot;address1&quot;: &quot;Autumn Leaf 3&quot;,&#xA;    &quot;city&quot;: &quot;Jackson&quot;,&#xA;    &quot;state&quot;: &quot;Mississippi&quot;,&#xA;    &quot;postalCode&quot;: &quot;39204&quot;,&#xA;    &quot;country&quot;: &quot;United States&quot;&#xA;  }&#xA;}" doc:name="Set Payload"/>
    </flow>
    <flow name="get:/customer:api-customer-config">
        <set-payload value="[{&#xA;  &quot;id&quot;: &quot;1&quot;,&#xA;  &quot;name&quot;: &quot;Michelle Ruiz&quot;,&#xA;  &quot;email&quot;: &quot;mruiz0@qq.com&quot;,&#xA;  &quot;phone&quot;: &quot;1-(951)768-8479&quot;,&#xA;  &quot;billingAddress&quot;: {&#xA;    &quot;address1&quot;: &quot;Eastlawn 42&quot;,&#xA;    &quot;city&quot;: &quot;Riverside&quot;,&#xA;    &quot;state&quot;: &quot;California&quot;,&#xA;    &quot;postalCode&quot;: &quot;92513&quot;,&#xA;    &quot;country&quot;: &quot;United States&quot;&#xA;  },&#xA;  &quot;shippingAddress&quot;: {&#xA;    &quot;address1&quot;: &quot;South&quot;,&#xA;    &quot;address2&quot;: &quot;07&quot;,&#xA;    &quot;city&quot;: &quot;Houston&quot;,&#xA;    &quot;state&quot;: &quot;Texas&quot;,&#xA;    &quot;postalCode&quot;: &quot;77045&quot;,&#xA;    &quot;country&quot;: &quot;United States&quot;&#xA;  }&#xA;}, {&#xA;  &quot;id&quot;: &quot;2&quot;,&#xA;  &quot;name&quot;: &quot;Jeremy Adams&quot;,&#xA;  &quot;email&quot;: &quot;jadams1@instagram.com&quot;,&#xA;  &quot;phone&quot;: &quot;1-(216)797-9178&quot;,&#xA;  &quot;billingAddress&quot;: {&#xA;    &quot;address1&quot;: &quot;Eastwood 442&quot;,&#xA;    &quot;city&quot;: &quot;Cleveland&quot;,&#xA;    &quot;state&quot;: &quot;Ohio&quot;,&#xA;    &quot;postalCode&quot;: &quot;44191&quot;,&#xA;    &quot;country&quot;: &quot;United States&quot;&#xA;  },&#xA;  &quot;shippingAddress&quot;: {&#xA;    &quot;address1&quot;: &quot;Menomonie 5&quot;,&#xA;    &quot;city&quot;: &quot;South Bend&quot;,&#xA;    &quot;state&quot;: &quot;Indiana&quot;,&#xA;    &quot;postalCode&quot;: &quot;46614&quot;,&#xA;    &quot;country&quot;: &quot;United States&quot;&#xA;  }&#xA;}]" doc:name="Set Payload"/>
    </flow>
    <flow name="post:/customer:application/json:api-customer-config">
        <set-variable variableName="accountNumber" value="#[java.util.UUID.randomUUID().toString()]" doc:name="create account number"/>
        <dw:transform-message metadata:id="ad37af0a-3833-4f1a-b385-c0e6fda7e84c" doc:name="Transform Message">
            <dw:input-variable doc:sample="Account_1.dwl" variableName="accountNumber"/>
            <dw:set-payload><![CDATA[%dw 1.0
%output application/java
---
{
	Name: payload.name,
	BillingStreet: payload.billingAddress.address1,
	BillingCity: payload.billingAddress.city,
	BillingState: payload.billingAddress.state,
	BillingPostalCode: payload.billingAddress.postalCode,
	BillingCountry: payload.billingAddress.country,
	ShippingStreet: payload.shippingAddress.address,
	ShippingCity: payload.shippingAddress.city,
	ShippingState: payload.shippingAddress.state,
	ShippingPostalCode: payload.shippingAddress.postalCode,
	ShippingCountry: payload.shippingAddress.country,
	Phone: payload.phone,
	AccountNumber: flowVars.accountNumber as :string
}]]></dw:set-payload>
        </dw:transform-message>
        <sfdc:create-single config-ref="Salesforce__Basic_Authentication" type="Account" doc:name="create account">
            <sfdc:object ref="#[payload]"/>
        </sfdc:create-single>
        <choice doc:name="Choice">
            <when expression="#[payload.success==true]">
                <sfdc:query-single config-ref="Salesforce__Basic_Authentication" query="dsql:select AccountNumber,Name from Account where Id='#[payload.id]'" doc:name="Get account detailes"/>
                <dw:transform-message metadata:id="a5838237-aa55-4cac-bf70-4bee853473ab" doc:name="SFDC Account Details to JSON">
                    <dw:set-payload><![CDATA[%dw 1.0
%output application/json
---
{
	id: payload.AccountNumber,
	name: payload.Name
}]]></dw:set-payload>
                </dw:transform-message>
            </when>
            <otherwise>
                <set-property propertyName="http.status" value="#[400]" doc:name="Bad Request"/>
                <set-payload value="#[&quot;message&quot; :&quot;Bad Request&quot;]" doc:name="Set Payload"/>
            </otherwise>
        </choice>

    </flow>
    <apikit:mapping-exception-strategy name="api-customer-apiKitGlobalExceptionMapping">
        <apikit:mapping statusCode="404">
            <apikit:exception value="org.mule.module.apikit.exception.NotFoundException" />
            <set-property propertyName="Content-Type" value="application/json" doc:name="Property"/>
            <set-payload value="{ &quot;message&quot;: &quot;Resource not found&quot; }" doc:name="Set Payload"/>
        </apikit:mapping>
        <apikit:mapping statusCode="405">
            <apikit:exception value="org.mule.module.apikit.exception.MethodNotAllowedException" />
            <set-property propertyName="Content-Type" value="application/json" doc:name="Property"/>
            <set-payload value="{ &quot;message&quot;: &quot;Method not allowed&quot; }" doc:name="Set Payload"/>
        </apikit:mapping>
        <apikit:mapping statusCode="415">
            <apikit:exception value="org.mule.module.apikit.exception.UnsupportedMediaTypeException" />
            <set-property propertyName="Content-Type" value="application/json" doc:name="Property"/>
            <set-payload value="{ &quot;message&quot;: &quot;Unsupported media type&quot; }" doc:name="Set Payload"/>
        </apikit:mapping>
        <apikit:mapping statusCode="406">
            <apikit:exception value="org.mule.module.apikit.exception.NotAcceptableException" />
            <set-property propertyName="Content-Type" value="application/json" doc:name="Property"/>
            <set-payload value="{ &quot;message&quot;: &quot;Not acceptable&quot; }" doc:name="Set Payload"/>
        </apikit:mapping>
        <apikit:mapping statusCode="400">
            <apikit:exception value="org.mule.module.apikit.exception.BadRequestException" />
            <set-property propertyName="Content-Type" value="application/json" doc:name="Property"/>
            <set-payload value="{ &quot;message&quot;: &quot;Bad request&quot; }" doc:name="Set Payload"/>
        </apikit:mapping>
    </apikit:mapping-exception-strategy>
</mule>
